,SMAPE,MAE,RMSE,R2
Baseline LGBM (TFIDF+IPQ),51.67822832577612,11.713466664752271,34.24527256360811,0.22294259573895026
Main Multimodal (EfficientNet-B0),52.75516363060818,11.946064373644193,32.90838302289039,0.28242890617394956
