,SMAPE,MAE,RMSE,R2
Baseline LGBM (TFIDF+IPQ),51.678228,11.713467,34.245273,0.222943
Main Multimodal (EfficientNet-B0),52.755164,11.946064,32.908383,0.282429
"Hybrid LGBM (K-Fold, EffNet-B0)",49.681458,11.085948,32.378917,0.305333
